asset_target,city_state,headline,offense_tags,site_conditions,source_url,story_date
store,"Phoenix, AZ",Phoenix small business victim of smash-and-grab burglary,"burglary, breaking and entering","overnight hours, stolen vehicle used to ram storefront, suspect previously cased store",https://www.azfamily.com/2025/07/24/phoenix-small-business-victim-smash-and-grab-burglary/,2025-07-24
equipment,"Philadelphia, PA","$65,000 worth of construction equipment stolen from job site in Roxborough",theft of commercial equipment,fencing breached,https://6abc.com/post/65000-worth-construction-equipment-stolen-job-site-roxborough-section-philadelphia/15236183/,2024-08-28
store,"Orange, CA",6 men charged with stealing 300 firearms in break-ins across Southern California,"burglary, breaking and entering","storefront rammed with stolen vehicle, glass cases smashed with sledgehammers, metal security gate breached",https://www.cbsnews.com/losangeles/news/6-men-charged-with-stealing-over-300-firearms-in-break-ins-across-southern-california/,2024-07-16
store,"San Francisco, CA",San Francisco DA charges pair in $300K smash-and-grab at Christian Dior in Union Square,"burglary, grand larceny, vandalism","overnight hours, repeat target, vehicle used to breach entrance",https://www.cbsnews.com/sanfrancisco/news/sf-christian-dior-union-square-smash-and-grab-2-charged-post-street/,2024-12-13
store,"Chicago, IL",Burglars try to break into Near North Side Chicago liquor store for second time this month,"burglary, breaking and entering",repeat target,https://www.cbsnews.com/chicago/news/burglars-try-break-near-north-side-chicago-liquor-store/,2024-07-23
store,"Denver, CO",Denver business owner frustrated at police response time after break-in,"burglary, breaking and entering","repeat target, overnight hours, thieves surveilled store with cameras, breached neighbor's wall to enter, alarms blared 30-45 min with delayed police response",https://www.cbsnews.com/colorado/news/denver-business-owner-frustrated-police-response-time-break-in/,2026-08-06
store,"Chicago, IL",Chicago police seek suspects in 3 South Side business burglaries,burglary,"overnight hours, roof breached, repeat target",https://www.cbsnews.com/chicago/news/3-south-side-business-burglaries/,2024-06-21
store,"Houston, TX","2 Houston restaurants burglarized days apart, owners say break-ins add to small business struggles","burglary, breaking and entering",overnight hours,https://www.fox26houston.com/news/two-houston-restaurants-burglarized-days-apart-owners-say-break-ins-add-small-business-struggles,
equipment,"Doral, FL","Duo cuffed after 15 forklifts stolen from business near Doral, cops say","burglary, grand larceny, vandalism, theft of commercial equipment","fencing breached, overnight hours",https://www.local10.com/news/local/2024/08/06/duo-cuffed-after-15-forklifts-stolen-from-business-near-doral-cops-say/,2024-08-06
vehicle,"Portland, OR",17 Portland police vehicles burned at training facility,"arson, vandalism","fencing breached, overnight hours",https://www.kgw.com/article/news/crime/police-vehicles-burned-training-facility-northeast-portland/283-45b9e753-7ee1-4c4b-973e-92ee9be3053c,2024-05-02
store,"Austin, TX",Man arrested in connection to several business burglaries in Austin,"burglary, breaking and entering","overnight hours, businesses closed, doors and windows forced open",https://www.fox7austin.com/news/man-arrested-connection-several-business-burglaries-austin,2025-07-29
store,"Phoenix, AZ",Phoenix jewelry store burglary: Lifted Dodge Ram sought after safe stolen,"burglary, grand larceny",overnight hours,https://www.fox10phoenix.com/news/phoenix-jewelry-store-burglary-lifted-dodge-ram-sought-after-safe-stolen,2025-06-20
store,"Seattle, WA",Seattle community garage faces $250k in damages after alleged arson attack,arson,surveillance cameras present,https://www.fox13seattle.com/news/apparent-arson-attack-causes-250k-damages-seattle-community-garage,2024-08-02
store,"Philadelphia, PA",Caught on Camera: Six burglars sought following break-in at Germantown business,"burglary, breaking and entering",side door breached,https://www.nbcphiladelphia.com/news/local/caught-on-camera-six-burglars-sought-following-break-in-at-germantown-business/4414322/,2026-06-09
store,"Tampa, FL",Tampa Police Arrest Three Burglary Suspects After Overnight Operation,"burglary, vandalism","overnight hours, repeat target",https://www.tampa.gov/news/2026-08/tampa-police-arrest-three-burglary-suspects-after-overnight-operation-193571,2026-08-14
store,"Nashville, TN",Detectives Working to Identify Suspects Involved in Tuesday's Armory Burglary,"burglary, breaking and entering",overnight hours,https://www.nashville.gov/departments/police/news/detectives-working-identify-suspects-involved-tuesdays-armory-burglary,2026-02-24
store,"Philadelphia, PA","Philly businesses ransacked, burglarized during 7-month crime spree; suspects still sought","burglary, breaking and entering, vandalism","overnight hours, security systems disabled, repeat target pattern",https://www.fox29.com/news/philly-businesses-ransacked-burglarized-during-7-month-crime-spree-suspects-still-sought,2025-06-16
store,"Los Angeles, CA",Suspect Arrested for String of Downtown Los Angeles Arson Fires,arson,"early morning hours, repeat target",https://lafd.org/news/suspect-arrested-string-downtown-los-angeles-arson-fires,2024-10-04
store,"Portland, OR",'Absolutely infuriating': Officials reveal details on potential burglary ring,"burglary, breaking and entering","soft targets, security upgraded after break-ins, repeat target",https://www.koin.com/news/portland/portland-burglary-theft-ring-businesses-police-01242025/,2025-01-24
vehicle,"Salem, OR","Montana man arrested for vandalizing 70 cars at Mercedes, BMW dealerships in Salem",vandalism,repeat target,https://www.kptv.com/2025/09/21/montana-man-arrested-vandalizing-70-cars-mercedes-bmw-dealerships-salem/,2025-09-21
warehouse,"Grapevine, TX",Seven men arrested for theft millions of dollars in electronics,"burglary, grand larceny","door breached, security cameras present",https://www.wfaa.com/article/news/crime/seven-men-arrested-500k-theft-ray-bans-virtual-reality-goggles-grapvine-north-texas/287-8e7301bb-c8d9-42ae-8ff7-ed8de096e130,2024-11-19
store,"Palm Desert, CA",6 arrested after multi-county jewelry store smash-and-grab spree in Southern California,"burglary, grand larceny, vandalism",repeat target,https://ktla.com/news/local-news/6-arrested-after-multi-county-jewelry-store-smash-and-grab-spree/,2025-09-24
store,"New York, NY","13 charged in Home Depot theft ring spanning 9 states, prosecutors say",grand larceny,"repeat target, early morning coordination, lookout vehicles",https://www.livenowfox.com/news/home-depot-theft-ring,
store,"Hartsdale, NY",Two Defendants Arrested For Sledgehammer Smash-And-Grab Robbery Of Jewelry Store,"burglary, breaking and entering, grand larceny, vandalism","broad daylight, shopping plaza, stolen vehicle used, sledgehammer entry, surveillance cameras present",https://www.justice.gov/usao-sdny/pr/two-defendants-arrested-sledgehammer-smash-and-grab-robbery-jewelry-store,2025-03-25
store,"Austin, TX",Prominent business leader charged with new counts of arson,"arson, burglary","lock drilled out, surveillance footage captured suspect, properties targeted were ones suspect was attempting to purchase",https://www.bizjournals.com/austin/news/2024/04/25/austin-fire-charges-hardeman.html,2024-04-25
store,"Chicago, IL",Burglars target at least 8 businesses in Chicago's Southport Corridor,"burglary, breaking and entering, vandalism",overnight hours,https://www.cbsnews.com/chicago/news/burglars-target-at-least-8-businesses-chicago-southport-corridor/,2026-01-06
store,"Philadelphia, PA",Wanted: Suspects for Commercial Burglary Pattern in the 18th and 19th Districts [VIDEO],"burglary, breaking and entering","ceiling breach entry, repeat target, overnight hours, security systems disabled",https://www.phillypolice.com/news-blotter/wanted-suspects-for-commercial-burglary-pattern-in-the-18th-and-19th-districts-video/,2025-06-16
store,"Washington, DC",ARRESTED: Fourth and Fifth Suspects in Connection with Dozens of ATM Robberies and Auto Thefts Around the DMV Area,"burglary, breaking and entering, grand larceny, theft of commercial equipment, vandalism","overnight hours, surveillance destroyed, repeat target",https://www.justice.gov/usao-dc/pr/arrested-fourth-and-fifth-suspects-connection-dozens-atm-robberies-and-auto-thefts,2024-10-15
warehouse,"Ontario, CA",Employee charged with arson after allegedly sparking massive fire at paper goods warehouse,arson,"overnight hours, sprinkler system compromised by roof collapse, large paper products fuel load",https://katv.com/news/nation-world/arson-warehouse-massive-fire-arrest-arrested-employee-worker-paper-goods-storage-distributor-distribution-flames-burn-burning-smoke-watch-video-firefighters-extinguish-sprinklers-alarm-evacuate,2026-04-08
store,"Austin, TX",Austin police seek public's help to ID suspects in ATM theft spree,"burglary, breaking and entering, theft of commercial equipment",repeat target,https://www.kvue.com/article/news/crime/austin-police-help-identify-suspects-atm-theft-spree/269-32fe2bb4-ffb8-486e-9d7a-085612156248,2026-07-08
store,"Seattle, WA","North Seattle businesses face break-in spree, costly repairs, and security upgrades","burglary, breaking and entering",repeat target,https://komonews.com/news/local/north-seattle-businesses-face-break-in-spree-costly-repairs-and-security-upgrades-theft-burglary-broken-insurance-city-council-katie-wilon-contractor-mervhadixe-thief-crime-rates,2026-01-26
store,"San Francisco, CA","San Francisco Police Make Arrests in ""Smash and Grab"" Organized Retail Crime Series 22-075","burglary, grand larceny, vandalism","repeat target, security displays breached",https://www.sanfranciscopolice.org/news/san-francisco-police-make-arrests-smash-and-grab-organized,2022-06-08
vehicle,"Los Angeles, CA","Man steals Amazon delivery van, crashes into parked cars in Mid-City","grand larceny, vandalism",delivery vehicle unattended,https://www.nbclosangeles.com/news/local/amazon-truck-stolen-midcity-los-angeles/3809729/,2025-11-28
store,"Tampa, FL","14 arrested in $7.6M retail theft ring run out of Florida family's home, AG says","grand larceny, theft of commercial equipment",repeat target,https://www.nbcmiami.com/news/local/14-arrested-in-7-6m-retail-theft-ring-run-out-of-florida-familys-home-ag-says/3808647/,2026-05-13
store,"Chicago, IL","3rd Foot Locker store targeted by crash-and-grab thieves within 1 week, Chicago police say","burglary, breaking and entering","repeat target, overnight hours",https://abc7chicago.com/post/chicago-crime-crash-grab-burglary-suspects-target-foot-locker-3300-block-south-martin-luther-king-drive-police-say/17633723/,2025-08-24
store,"Houston, TX","3 suspects arrested after 24 shops were burglarized in Kingwood area, police say","burglary, vandalism","overnight hours, security cameras absent",https://abc13.com/post/police-arrest-three-suspects-businesses-burglarized-kingwood-area-hpd/12107610/,2022-08-07
store,"Houston, TX","Police announce arrest in string of downtown break-ins, urge business owners to take precautions","burglary, breaking and entering","overnight hours, cameras disabled by cutting power",https://www.houstonchronicle.com/news/houston-texas/crime/article/houston-midtown-bar-theft-burglary-arrest-17845453.php,2023-03-19
store,"Baltimore, MD",Baltimore County police investigating early morning commercial robberies,"burglary, breaking and entering","overnight hours, repeat target",https://www.cbsnews.com/baltimore/news/robberies-baltimore-county-rosedale-crime/,
store,"Los Angeles, CA",Multiple Commercial Buildings Erupt in Fire in Downtown LA,arson,"overnight hours, site of previous burn, repeat target",https://lafd.org/news/multiple-commercial-buildings-erupt-fire-downtown-la,2025-03-10
store,"Chicago, IL","Thieves break into at least 17 businesses, mainly on North Side, within 1 hour, police say | VIDEO","burglary, breaking and entering","overnight hours, repeat target, glass doors breached",https://abc7chicago.com/post/chicago-crime-video-shows-thieves-break-3-avondale-businesses-owners-say/19774548/,2026-09-02
store,"Seattle, WA",Update: Man Arrested in Connection With Two Million Dollar Jewel Heist,"burglary, grand larceny",locked glass door breached,https://spdblotter.seattle.gov/2025/10/27/update-man-arrested-in-connection-with-two-million-dollar-jewel-heist/,2025-10-27
store,"Indianapolis, IN","Alleged burglars break in, steal thousands from businesses on Indy's northwest side","burglary, breaking and entering","early morning hours, repeat target",https://fox59.com/news/indycrime/alleged-burglars-break-in-steal-thousands-from-businesses-on-indys-northwest-side/,2026-04-18
store,"Mobile, AL",Arrest Made in Connection With Early April Commercial Building Fire,arson,"overnight hours, fire set on back porch area",https://www.cityofmobile.gov/fire/arrest-made-in-connection-with-early-april-commercial-building-fire/,2024-04-16
store,"Asheville, NC",Police investigating multiple breaking and entering incidents at businesses in Asheville,"breaking and entering, burglary","overnight hours, repeat target",https://www.foxcarolina.com/2024/05/29/police-investigating-multiple-breaking-entering-incidents-businesses-asheville/,2024-05-29
store,"San Francisco, CA",SFPD Organized Retail Crime Task Force Arrests Suspects in Multiple Theft Series #26-024,"grand larceny, burglary",repeat target,https://www.sanfranciscopolice.org/news/sfpd-organized-retail-crime-task-force-arrests-suspects,2026-03-10
store,,"PA man faces arson charges after 4 suspicious fires cause nearly $2.5M in damage, police say","arson, burglary",repeat target,https://www.wgal.com/article/pa-indiana-county-arson-christopher-brady-4-suspicious-fires/73411301,2026-08-12
warehouse,"Boonton, NJ",Newark Man Arrested in Connection with Boonton Arson Investigation,"arson, burglary, theft of commercial equipment",overnight hours,https://www.morriscountynj.gov/Departments/Prosecutor/Prosecutor-Press-Releases/Newark-Man-Arrested-in-Connection-with-Boonton-Arson-Investigation,2025-01-28
store,"San Jose, CA","SJ woman arrested on suspicion of arson, murder for allegedly lighting commercial fire that killed 1",arson,overnight hours,https://abc7news.com/post/san-jose-woman-arrested-suspicion-arson-murder-lighting-commercial-fire-killed-1/17150088/,2025-07-16
equipment,"New Orleans, LA",Stolen Construction Equipment Sought,theft of commercial equipment,overnight hours,https://nopdnews.com/post/august-2025/stolen-construction-equipment-sought/,2025-08-01
store,"Houston, TX",9 Houston businesses hit in early morning burglary spree near Rice Village,"burglary, breaking and entering",early morning hours,https://www.khou.com/article/news/local/houston-burglary-spree-nottingham-street-rice-village/285-33567b7a-61b6-4fef-b37c-c03bce061806,
store,"Charlotte, NC","Burglar hits Charlotte businesses: Steals large amounts of alcohol, causes damage","burglary, breaking and entering, grand larceny, vandalism","repeat target, overnight hours",https://www.yahoo.com/news/burglar-hits-charlotte-businesses-steals-153225510.html,2025-04-01
store,"Washington, DC","6 arrested in alleged $500K retail theft ring across DC region, several states","grand larceny, burglary",repeat target,https://wjla.com/news/local/6-arrested-alleged-500k-retail-theft-ring-across-dc-maryland-virginia-pennsylvania-delaware-prince-georges-county,2026-08-11
store,"Queens, NY",Queens retail theft ring nailed: 13 do-it-yourself thieves cuffed for stealing more than $2 million in Home Depot goods in historic bust,grand larceny,repeat target,https://www.amny.com/police-fire/queens-retail-theft-ring-home-depot-12112025/,2025-12-11
store,"New York, NY",Masked man sought for eight commercial burglaries during an 11-day stretch in August: NYPD,"burglary, breaking and entering","overnight hours, rear entry points breached",https://qns.com/2024/10/masked-man-sought-for-eight-commercial-burglaries-during-an-11-day-stretch-in-august-nypd/,2024-10-09
store,"Boston, MA","Man arrested after breaking into 3 Boston stores, police say","burglary, breaking and entering","overnight hours, repeat target",https://www.nbcboston.com/news/local/man-arrested-after-breaking-into-3-boston-stores-police-say/3287134/,2024-02-22
warehouse,"Los Angeles, CA",Easter Sunday heist,"burglary, grand larceny","overnight hours, repeat target, possible signal jamming",https://en.wikipedia.org/wiki/Easter_Sunday_heist,2024-04-04
warehouse,,Burglary suspects cause $1 million in damage at local warehouse,"burglary, vandalism",weekend break-in,https://abcnews4.com/news/crime-news/burglary-suspects-cause-1-million-in-damage-at-local-warehouse,2026-07-08
store,"New York, NY",4 businesses broken into on Staten Island in a week: What we know,"burglary, breaking and entering",,https://www.silive.com/crime-safety/2024/06/4-businesses-broken-into-on-staten-island-in-a-week-what-we-know.html,2024-06-15
store,"New York, NY",Man Arrested for 2024 Chanel New York Store Burglary That Led to Estimated $1.7 Million Loss,"burglary, grand larceny","nearby building under construction, overnight hours, fire escape system breached via ceiling hatch",https://wwd.com/pop-culture/culture-news/chanel-store-burglary-new-york-city-1-7-million-loss-1239023486/,2026-06-22
store,"Los Angeles, CA",Serial arson suspect arrested for string of destructive fires in downtown L.A.,arson,"repeat target, overnight hours, fencing breached",https://ktla.com/news/local-news/serial-arson-suspect-arrested-for-string-of-destructive-fires-in-downtown-l-a/,2024-10-04
store,"Dallas, TX",Police investigate string of break-ins targeting East Dallas small shops,"burglary, breaking and entering","repeat target, security gate breached, back door entry",https://www.fox4news.com/news/police-investigate-string-break-ins-targeting-east-dallas-small-shops,2025-12-09
store,"Atlanta, GA",How repeated burglaries left a Grant Park business owner facing $30K in losses,"burglary, breaking and entering, vandalism","repeat target, overnight hours",https://www.fox5atlanta.com/news/how-repeated-burglaries-left-grant-park-business-owner-facing-30k-losses,2026-07-31
store,"Phoenix, AZ",Thieves find unique way to break into west Phoenix businesses,"burglary, breaking and entering, grand larceny",repeat target,https://www.azfamily.com/2025/01/09/thieves-find-unique-way-break-into-west-phoenix-businesses/,2025-01-09
store,"Phoenix, AZ",Phoenix businesses on edge after burglar targets Melrose District,"burglary, breaking and entering","overnight hours, fencing breached, repeat target",https://www.fox10phoenix.com/news/phoenix-businesses-edge-after-burglar-targets-melrose-district,2025-07-16
store,"Chicago, IL","6 charged in Chicago area burglary spree, accused of stealing more than $1 million in 115 thefts","burglary, grand larceny",,https://www.cbsnews.com/chicago/news/six-charged-million-dollar-burglary-spree/,2025-09-12
store,"Phoenix, AZ",Burglars cut hole in roof of Arizona shopping center,burglary,overnight hours,https://www.12news.com/article/news/crime/burglars-cut-hole-roof-of-phoenix-shopping-center-mcdowell-road/75-a4ef8f4e-cd95-4bee-a84e-7cda57b91b07,2024-07-26
store,"Chicago, IL",Several businesses in Chicago's Southport Corridor targeted by overnight burglars,"burglary, breaking and entering","overnight hours, repeat target",https://www.nbcchicago.com/news/local/several-businesses-in-chicagos-southport-corridor-targeted-by-overnight-burglars/3983592/,2026-09-01
store,"Detroit, MI",Detroit arsonists caught on camera buying snacks after setting auto business on fire,arson,overnight hours,https://www.fox2detroit.com/news/detroit-arsonists-caught-camera-buying-snacks-after-setting-auto-business-fire,2025-02-28
store,"Portland, OR","Serial burglar arrested, stole over $50,000 in merchandise, Portland police say","burglary, grand larceny, vandalism",repeat target,https://www.kgw.com/article/news/crime/serial-burglar-arrested-portland/283-d44111fe-5469-451d-9c67-cc64752bd4c0,2024-04-01
store,"Tampa, FL",Tampa Police Release Video of Commercial Burglary Suspects,"burglary, breaking and entering","overnight hours, closed business",https://www.tampa.gov/news/2025-03/tampa-police-release-video-commercial-burglary-suspects-165231,2025-03-17
store,"San Francisco, CA",Business owner questions SFPD's effectiveness after $30K loss from repeat smash-and-grabs,"burglary, vandalism","repeat target, overnight hours",https://abc7news.com/post/san-francisco-business-owner-questions-police-departments-effectiveness-30k-loss-repeat-smash-grabs/15841898/,2025-01-28
store,"Chicago, IL",North Side Businesses Struggle Amid Burglary Surge: 'How Is This Sustainable?',"burglary, breaking and entering","overnight hours, repeat target, glass storefront breached",https://blockclubchicago.org/2024/12/09/north-side-businesses-struggle-amid-constant-stream-of-burglaries-how-is-this-sustainable/,2024-12-09
store,"Seattle, WA",Seattle small business owners devastated by break-ins as commercial burglary cases flood KC courts,"burglary, breaking and entering",repeat target,https://www.kiro7.com/news/local/seattle-small-business-owners-devastated-by-break-ins-commercial-burglary-cases-flood-kc-courts/4SSZJZBTI5C6LHGOR4NLD7CSGM/,2026-05-11
store,"San Francisco, CA",SFPD Arrests Commercial Burglary Suspect 24-139,"burglary, breaking and entering","overnight hours, front entry breached",https://www.sanfranciscopolice.org/news/sfpd-arrests-commercial-burglary-suspect-24-139,2024-11-14
store,"Las Vegas, NV",Arson suspected in fire at Las Vegas business,arson,sprinkler system present,https://www.fox5vegas.com/2024/04/04/arson-suspected-fire-las-vegas-business/,2024-04-04
store,"Chicago, IL","Video shows 'armed and dangerous' suspect in Chicago business burglary spree, police say","burglary, breaking and entering",overnight hours,https://www.fox32chicago.com/news/chicago-businesses-burglary-spree-video,
store,"New York, NY",Thieves steal $50K in items from Givenchy store amid uptick in burglaries in SoHo,"burglary, breaking and entering","early morning hours, glass door breached, repeat target area",https://abc7ny.com/post/nyc-crime-soho-givenchy-robbery/12832645/,2023-02-17
store,"Los Angeles, CA",Attorney General Bonta Announces Felony Charges Against Three Suspects in an Organized Retail Crime Ring that Targeted High-End Retail Stores,"burglary, grand larceny",smash and grab style thefts at high-end retail stores,https://oag.ca.gov/news/press-releases/attorney-general-bonta-announces-felony-charges-against-three-suspects-organized,2024-03-19
store,"Las Vegas, NV",Update – Suspect Arrested - Detectives Seek the Public's Assistance,"burglary, breaking and entering",overnight hours,https://www.lvmpd.com/Home/Components/News/News/1486/263,2024-11-19
warehouse,"Detroit, MI","Detroit warehouse hit in a dozen reported break-ins, owner says it cost him thousands","burglary, breaking and entering","repeat target, closed business, under renovation",https://www.wxyz.com/news/region/detroit/detroit-warehouse-hit-in-a-dozen-reported-break-ins-owner-says-it-cost-him-thousands,
plant,"Los Angeles, CA",Four more trespassing arrests made at graffitied downtown skyscraper,vandalism,"under construction, vacant",https://www.latimes.com/california/story/2024-02-07/lapd-arrest-another-group-at-abandoned-los-angeles-skyrise,2024-02-07
store,"New York, NY",13 indicted for allegedly stealing millions of dollars in goods from Home Depot stores in 9 states,"grand larceny, breaking and entering","locked cages breached, repeat target",https://www.29news.com/2025/12/13/13-indicted-allegedly-stealing-millions-dollars-worth-goods-home-depot-stores-9-states/,2025-12-13
store,"Margate, FL",Police investigate smash-and-grab robberies at smoke shops in Broward,"burglary, breaking and entering","overnight hours, storefront window smashed",https://www.nbcmiami.com/news/local/police-investigate-smash-and-grab-robberies-at-smoke-shops-in-broward-county/3705926/,2025-10-14
vehicle,"Gardena, CA","Gardena plumber who lost $30,000 worth of tools frustrated with crime laws","grand larceny, theft of commercial equipment","overnight hours, residential driveway, surveillance cameras present",https://ktla.com/news/local-news/gardena-plumber-who-lost-30000-worth-of-tools-frustrated-with-crime-laws/,2024-04-05
store,"Seattle, WA","Seattle police investigate 11 reported Capitol Hill break-ins, burglaries","burglary, breaking and entering",repeat target,https://komonews.com/news/local/seattle-police-department-capitol-hill-neighborhood-burglaries-break-ins-king-county-east-precinct-december-4-crime-dashboard-judkins-park-madison-montlake,2025-12-04
warehouse,"Austin, TX",Austin Police search for 3 suspects in commercial burglary investigation,"burglary, breaking and entering",,https://www.kxan.com/news/crime/austin-police-search-for-3-suspects-in-commercial-burglary-investigation/,2025-03-28
store,"San Antonio, TX","San Antonio and Castle Hills small businesses hit by early morning burglary spree, police investigating","burglary, breaking and entering",overnight hours,https://www.kens5.com/article/news/crime/san-antonio-castle-hills-burglary-spree-police-investigating-crime/273-927d2786-cd84-4125-8294-2188c5d3129f,
store,"Long Beach, CA","Nearly 30 cars, 7 businesses vandalized in Long Beach",vandalism,"repeat target, overnight hours, parking structure",https://www.nbclosangeles.com/news/local/nearly-30-cars-7-businesses-vandalized-in-long-beach/3431859/,2024-06-07
warehouse,"Los Angeles, CA","9 arrested, stolen goods worth millions recovered in SoCal cargo theft investigation, LASD says","grand larceny, theft of commercial equipment",repeat target,https://abc7.com/post/9-arrested-stolen-goods-worth-millions-recovered-socal-cargo-theft-investigation-lasd-says/18747194/,2026-03-22
store,"Walnut Creek, CA",California attorney general announces retail theft crime ring bust,"burglary, grand larceny, vandalism","smash-and-grab, stolen vehicle used to breach store",https://www.nbcbayarea.com/news/local/retail-theft-ring-california/3425808/,2024-01-17
store,"Chicago, IL",Chicago police issue warning after recent smash-and-grab burglaries at West Side businesses: VIDEO,"burglary, breaking and entering","overnight hours, security gate breached",https://abc7chicago.com/post/chicago-crime-police-issue-warning-after-recent-smash/15073120/,2024-07-20
store,"Bethesda, MD",Video shows bandits hitting 4 Maryland stores in burglary spree,"burglary, breaking and entering",overnight hours,https://foxbaltimore.com/news/local/surveillance-video-shows-suspects-in-montgomery-county-business-burglary-spree-break-ins-georgetown-road-commercial-burglaries-police,2026-07-23
store,"Arvada, CO",Several Olde Town Arvada shops hit in smash-and-grab burglaries,"burglary, breaking and entering, vandalism, theft of commercial equipment",overnight hours,https://www.denver7.com/news/crime/several-olde-town-arvada-shops-hit-in-smash-and-grab-burglaries,2024-11-27
store,"Bedminster, NJ",Man arrested for series of commercial burglaries across Somerset County,"burglary, breaking and entering, vandalism, grand larceny, theft of commercial equipment","overnight hours, surveillance cameras present",https://wrnjradio.com/man-arrested-for-series-of-commercial-burglaries-across-somerset-county/,2025-01-24
warehouse,"Ontario, CA",Ideology and Anger: Early Lessons from the Kimberly-Clark Distribution Center Arson,arson,"overnight hours, highly flammable paper product inventory, single-point fire suppression system overwhelmed",https://www.asisonline.org/security-management-magazine/articles/2026/04/distribution-center-arson-attack/,2026-04-21
equipment,"Portland, OR","PPB arrests 5 suspects, including 'broker', linked to copper theft operation","grand larceny, theft of commercial equipment",repeat target,https://www.kptv.com/2026/03/24/several-suspects-arrested-after-copper-thefts-across-portland/,2026-03-24
store,"Seattle, WA",Intentionally set fires in South Seattle,arson,"vacant buildings, construction site, overnight hours, unoccupied vehicle",https://fireline.seattle.gov/2025/10/23/intentionally-set-fires-in-south-seattle/,2025-10-23
equipment,"Austin, TX",Austin Energy asks community to stay vigilant as suspect in copper wire theft arrested,"vandalism, burglary",overnight hours,https://austinenergy.com/about/news/news-releases/2026/Austin-Energy-asks-community-to-stay-vigilant-as-suspect-in-copper-wire-theft-arrested,2026-03-31
equipment,"Portland, OR",PPB Arrests Numerous Suspects in Major Copper Theft Operation,"theft of commercial equipment, grand larceny, vandalism",aerial and underground communication lines and rooftop AC units targeted across multiple locations,https://www.portland.gov/police/news/2026/3/24/ppb-arrests-numerous-suspects-major-copper-theft-operation,2026-03-24
store,"Palmdale, CA","Retail theft crew busted with over $300,000 worth of stolen goods in Southern California",grand larceny,repeat target,https://ktla.com/news/local-news/retail-theft-crew-busted-for-over-300000-worth-of-stolen-goods-in-southern-california/,2024-01-26
warehouse,"San Diego, CA",Woman Sentenced to 70 Months in Prison for Burning Down Local Business,arson,early morning hours,https://www.justice.gov/usao-sdca/pr/woman-sentenced-70-months-prison-burning-down-local-business,2025-02-21
store,"Seattle, WA",Intentionally set fires in the Maple Leaf and Wedgewood neighborhoods,arson,"repeat target, overnight hours, exterior rubbish fires extended to buildings",https://fireline.seattle.gov/2025/09/19/intentionally-set-fires-in-the-maple-leaf-and-wedgewood-neighborhoods/,2025-09-19
warehouse,"West Palm Beach, FL","Help ID burglar who stole tools, copper from West Palm Beach warehouse",burglary,under construction,https://cbs12.com/news/local/help-id-burglar-who-stole-tools-copper-from-west-palm-beach-warehouse-police-department-investigation-crime-south-florida-palm-beach-county-news-september-18-2025,2025-09-18
equipment,,"Construction equipment theft ring smashed, Charlotte sheriff says",theft of commercial equipment,construction sites,https://www.mysuncoast.com/2025/09/08/construction-equipment-theft-ring-smashed-charlotte-sheriff-says/,2025-09-08
warehouse,"Austin, TX",Austin police seek three suspects in downtown burglary,burglary,,https://www.kvue.com/article/news/crime/police-searching-burglary-suspects-downtown-austin-texas-storage-unit/269-e3fc3633-5879-427d-a4b9-e80257e7aca1,2025-03-27
store,"Houston, TX",9 Houston businesses hit in early morning burglary spree near Rice Village,"burglary, breaking and entering, vandalism",early morning hours,https://www.khou.com/article/news/crime/houston-businesses-burglarized-nottingham/285-southwest-houston-burglary-spree,2026-04-20
store,"Mesa, AZ",Mesa Resident Charged With Arson After Tesla Dealership Fire in Phoenix,arson,"overnight hours, surveillance cameras present",https://thefederalnewswire.com/mesa-resident-charged-with-arson-after-tesla-dealership-fire-in-phoenix,
plant,"Allentown, PA",2 juveniles charged with arson following massive 6-alarm fire in Allentown,arson,"former furniture factory pending demolition, evening hours",https://6abc.com/post/2-juveniles-charged-arson-following-massive-6-alarm-fire-allentown-pa/19389886/,2026-06-27
warehouse,"Memphis, TN","A Memphis Warehouse Break-In Came Through the Roof, Not the Fence","burglary, breaking and entering","overnight hours, roof unmonitored, security cameras absent at roof level",https://www.rbtec.com/news/memphis-warehouse-roof-cut-breach/,2026-06-15
store,"Wilmington, DE","Police investigating series of break-ins at Wilmington, Delaware businesses","burglary, breaking and entering",repeat target,https://www.nbcphiladelphia.com/news/local/police-investigating-series-of-break-ins-at-wilmington-delaware-businesses/4393981/,2026-04-29
store,"Bronx, NY",Arson Ruled Cause of Bainbridge Avenue Commercial Fire that Destroyed Several Small Businesses,arson,"overnight hours, repeat target",https://www.norwoodnews.org/arson-ruled-cause-of-bainbridge-avenue-commercial-fire-that-destroyed-several-small-businesses/,
store,"Chicago, IL",West Humboldt Park business burglary caught on camera; CPD investigating at least 12 similar crimes,"burglary, breaking and entering","overnight hours, repeat target",https://abc7chicago.com/post/chicago-burglaries-break-ins-west-humboldt-park-surveillance-video/14471477/,2024-02-27
store,"Walnut Creek, CA","Vallejo man charged with stealing nearly $25,000 in LEGO sets from East Bay Target stores","burglary, grand larceny",repeat target,https://www.cbsnews.com/sanfrancisco/news/vallejo-man-charged-with-stealing-nearly-25000-in-lego-sets-from-east-bay-target-stores/,2025-03-04
store,"Chicago, IL","6 businesses targeted in 5-hour burglary spree on North, Northwest sides: Chicago police","burglary, breaking and entering","overnight hours, repeat target",https://abc7chicago.com/post/chicago-crime-police-issue-warning-after-6-businesses-targeted-5-hour-burglary-spree-north-northwest-sides/15302427/,2024-09-14
store,"Chicago, IL",Chicago police investigating smash-and-grab burglaries at 2 Northwest Side businesses: VIDEO,"burglary, breaking and entering","overnight hours, repeat target",https://abc7chicago.com/post/chicago-crime-4-burglars-smash-wicker-park-business/15053756/,2024-07-12
store,"Chicago, IL",Chicago police warn of burglary spree targeting 18 businesses across city throughout last month,"burglary, breaking and entering, vandalism","overnight hours, glass doors and windows breached",https://abc7chicago.com/post/cpd-warns-chicago-burglary-spree-targeting-18-businesses-city-last-month-fatsos-stand-among-hit/15596395/,2024-11-28
store,"Los Angeles, CA","Eight arrested in multimillion-dollar retail theft operation, Los Angeles County sheriff officials say",grand larceny,,https://www.latimes.com/california/story/2024-05-04/eight-arrested-in-multi-million-dollar-retail-theft-operation-sheriff-officials-said,2024-05-04
store,"Long Beach, CA",COMMERCIAL BURGLARY SERIES INVESTIGATION AND ARREST,"burglary, breaking and entering, vandalism","forced entry through doors, six businesses along 2nd Street, damaged doors, detected during early morning patrol around 4:45 a.m.",https://www.longbeach.gov/police/press-releases/commercial-burglary-series-investigation-and-arrest/,2024-02-08
store,"Berkeley, CA",Suspect arrested in connection with recent restaurant burglary,burglary,security cameras present,https://berkeleyca.gov/community-recreation/news/suspect-arrested-connection-recent-restaurant-burglary,2025-09-05
store,"Norwalk, CA","Narcotics, cash stolen in pharmacy smash-and-grab robbery","burglary, grand larceny","security cameras captured, metal security gate breached with saw, repeat target",https://ktla.com/news/local-news/narcotics-cash-stolen-in-pharmacy-smash-and-grab-robbery/,2024-01-09
store,"Oakland, CA","4 arrested in Oakland robbery spree targeting gas stations, convenience stores","burglary, grand larceny",overnight hours,https://www.cbsnews.com/sanfrancisco/news/oakland-robbery-spree-gas-stations-convenience-stores-4-arrested/,2025-04-24
equipment,"Tempe, AZ",Tempe Police Make an Arrest in 2024 ATM Burglary,"burglary, grand larceny","strip mall, overnight hours, roof and wall breached to access ATM",https://www.tempe.gov/Home/Components/News/News/18753/,2026-03-04
store,"Glendale, CA",Glendale Police Arrest Commercial Burglary Suspect,burglary,,https://www.glendaleca.gov/Home/Components/News/News/8928/16,2024-01-09
store,"San Jose, CA",Video shows over a dozen masked robbers raiding California jewelry store,"burglary, vandalism, grand larceny",SUV rammed storefront,https://www.nbcnews.com/news/us-news/video-shows-dozen-masked-robbers-raiding-california-jewelry-store-rcna229978,2025-09-08
store,"San Jose, CA",Video shows over a dozen masked robbers raiding California jewelry store,"burglary, breaking and entering, grand larceny, vandalism",vehicle rammed storefront,https://www.nbcnews.com/news/us-news/video-shows-dozen-masked-robbers-raiding-california-jewelry-store-rcna122978,2025-09-08
store,"Chicago, IL",Cannabis dispensary mangled in overnight crash-and-grab burglary attempt: Police,"burglary, vandalism","overnight, vehicle crashed storefront",https://www.nbcchicago.com/news/local/cannabis-dispensary-mangled-in-overnight-crash-and-grab-burglary-attempt-police/3706430/,2025-03-27
equipment,"Baltimore, MD","Construction company says truck, trailer left at bank ATM smash & grab was stolen","burglary, grand larceny, theft of commercial equipment",overnight hours,https://foxbaltimore.com/news/local/construction-company-truck-trailer-left-wells-fargo-bank-atm-smash-grab-stolen-baltimore-police-investigation,2026-08-17
store,"San Francisco, CA",Video: Cannabis dispensary ransacked in San Francisco Sunset District smash-and-grab,"burglary, vandalism","vehicle smashed through front rollup door, security gate yanked free with chain, repeat target (fourth break-in in three months)",https://www.cbsnews.com/sanfrancisco/news/cannabis-dispensary-san-francisco-judah-street-sunset-district/,2024-09-24
store,"Seattle, WA","Wednesday– October 30, 2024 - SPD Blotter",burglary,vehicle backed into building,https://spdblotter.seattle.gov/2024/10/31/wednesday-october-30-2024/,2024-10-31
warehouse,"Ontario, CA","Arson suspect in California Kimberly-Clark warehouse fire works for third-party distributor, officials say",arson,overnight hours,https://www.cbsnews.com/losangeles/news/ontario-warehouse-fire-arson-suspect-arrested/,
vehicle,"Tyler, TX",Wheels Stolen From 48 New Vehicles at East Texas Car Dealer,"theft of commercial equipment, grand larceny","fenced dealership, overnight hours (1 a.m.)",https://www.nbcdfw.com/news/local/wheels-stolen-from-48-new-vehicles-at-east-texas-car-dealer/183882/,2016-08-23
store,"San Francisco, CA",SFPD Organized Retail Crime Task Force Arrests Prolific Theft Crew 25-156,"burglary, grand larceny, vandalism",,https://www.sanfranciscopolice.org/news/sfpd-organized-retail-crime-task-force-arrests-prolific,2025-12-18
vehicle,"Dallas, TX",Dallas police arrest 5 in major cargo theft operation; $1M in stolen goods recovered,"grand larceny, theft of commercial equipment",,https://www.fox4news.com/news/dallas-police-arrest-5-major-cargo-theft-operation-1m-stolen-goods-recovered,2025-11-01
vehicle,"Mobile, AL",Mobile police arrest man for allegedly stealing travel trailer,"grand larceny, theft of commercial equipment",,https://www.wkrg.com/mobile-county/mobile-police-arrest-trailer-theft/,2026-08-31
store,"Detroit, MI",Detroit coffee shop becomes break-in target for the second time in a year,burglary,repeat target,https://www.wxyz.com/news/detroit-coffee-shop-becomes-break-in-target-for-the-second-time-in-a-year,
store,"Houston, TX","Men arrested, accused of stealing $400,000 in jewelry from pawn shop, records show","burglary, grand larceny",early morning hours,https://abc13.com/post/men-arrested-accused-stealing-400000-jewelry-southwest-houston-pawn-shop-records-show/19786368/,2026-09-04
equipment,,2 charged after trailer filled with $50K of equipment stolen from construction site,"grand larceny, arson, theft of commercial equipment",construction site,https://www.kwqc.com/2025/09/23/2-charged-after-trailer-filled-with-50k-equipment-stolen-construction-site/,2025-09-23
store,"Los Angeles, CA","Burglars ransack South Los Angeles barbershop, kidnap beloved cat","burglary, breaking and entering, vandalism, theft of commercial equipment","rammed by vehicle at 2:30 a.m. on Thanksgiving morning, glass door and windows shattered",https://ktla.com/news/local-news/burglars-ransack-south-los-angeles-barbershop/,2025-11-29
store,"Chicago, IL","Chicago South Loop restaurant broken into, cash register stolen: 'Just stop'","burglary, breaking and entering, vandalism",front window smashed; overnight hours (3:30 a.m.); surveillance cameras present; register later found abandoned,https://www.fox32chicago.com/news/chicago-south-loop-restaurant-broken-into-cash-register-stolen-just-stop,
warehouse,"Rialto, CA",Two arrested in burglary spree of storage units across SoCal,"burglary, grand larceny",,https://www.nbclosangeles.com/news/local/two-arrested-in-burglary-spree-of-storage-units-across-socal/3561539/,2024-11-14
store,"Temecula, CA","Man and woman arrested at Santa Ana motel, suspected of $50,000 commercial burglary","burglary, breaking and entering, grand larceny",,https://www.ocregister.com/2025/03/17/long-beach-man-woman-arrested-in-santa-ana-on-suspicion-of-burglarizing-temecula-business/,2025-03-17
store,"Fresno, CA",Man arrested in connection with arson at Fresno strip mall,arson,alley behind strip mall,https://kmph.com/news/local/firefighters-seek-suspect-after-arson-sparks-strip-mall-blaze-on-ashlan-avenue-ashlan-and-blackstone-avenue-fresno-fire-department-crime-stoppers,2026-04-07
store,"Kansas City, MO",Police share photos of suspect after three Waldo businesses broken into overnight,"burglary, breaking and entering",overnight,https://www.kctv5.com/2026/08/20/three-waldo-businesses-broken-into-overnight-police-have-no-suspects-yet/,2026-08-20
store,"Springfield, IL",Two Arrested in Commercial Burglary on Linden Avenue,burglary,"broken window, overnight hours",https://springfieldherald.news/two-arrested-in-commercial-burglary-on-linden-avenue-p29249-105.htm,2025-12-17
store,"Queens, NY",OPERATION SELF CHECKOUT: THIRTEEN DEFENDANTS INDICTED FOR STEALING MORE THAN $2.2 MILLION IN MERCHANDISE FROM HOME DEPOT LOCATIONS IN NINE STATES,"grand larceny, theft of commercial equipment","early morning hours, employee distraction, multiple daily visits per location",https://queensda.org/106885/,2025-12-11
store,"Los Angeles, CA",International Burglary Ring Charged in Jewelry Store Heists,"burglary, grand larceny, vandalism","roof entry attempted, utility lines and fiber optic cables cut, signal jammers used",https://lacounty.gov/2025/07/03/international-burglary-ring-charged-in-jewelry-store-heists/,2025-07-03
warehouse,"Tustin, CA","Burglary suspects picked wrong time, wrong place to hit storage unit business in Tustin","burglary, breaking and entering","nighttime entry, surveillance system being installed",https://behindthebadge.com/burglary-suspects-picked-wrong-time-wrong-place-hit-storage-unit-business-tustin/,2018-03-05
store,"Los Angeles, CA","Smash-and-grab burglars ram stolen car into high-end shop in L.A., police say","burglary, breaking and entering",early morning before opening hours,https://www.latimes.com/california/story/2025-05-16/smash-and-grab-burglars-ram-stolen-car-into-high-end-shop-police-say,2025-05-16
store,"San Francisco, CA",SFPD Arrests Commercial Burglary Suspect 24-138,"burglary, breaking and entering, vandalism","overnight hours, vehicle forced entry through store entrance",https://www.sanfranciscopolice.org/news/sfpd-arrests-commercial-burglary-suspect-24-138,2024-11-14
equipment,"Indianapolis, IN",IMPD searching for suspect accused of stealing 2 generators,theft of commercial equipment,,https://fox59.com/news/impd-searching-for-suspect-accused-of-stealing-2-generators/,2026-06-23
store,"Providence, RI",Two Rhode Island Men Charged for Leading Roles in Large-Scale Organized Theft Crime Ring; Investigation Continues,grand larceny,warehouses; e-commerce marketplaces; shell companies,https://www.justice.gov/usao-ri/pr/two-rhode-island-men-charged-leading-roles-large-scaled-organized-theft-crime-ring,2024-09-16
equipment,"Omaha, NE",Caught on Camera: Copper thieves hit Omaha business 4 times,"burglary,theft of commercial equipment",,https://www.ketv.com/article/omaha-copper-thieves-hit-business-multiple-times/71426182,2026-05-27
store,"Vancouver, WA",Police seeking identity of suspect in Vancouver hardware store arson case,arson,"behind store, overnight hours (3 a.m.)",https://www.kptv.com/2026/08/13/police-seeking-identity-suspect-vancouver-hardware-store-arson-case/,2026-08-12
store,"Madison, WI",Madison Police investigating burglary at convenience store,burglary,building damage,https://www.wmtv15news.com/2026/06/26/madison-police-investigating-burglary-convenience-store/,2026-06-26
store,"Birmingham, AL",Birmingham businesses broken into minutes apart in early morning thefts,"burglary, breaking and entering, vandalism, theft of commercial equipment","overnight hours, multiple targets within minutes, surveillance footage available",https://abc3340.com/news/local/birmingham-businesses-broken-into-early-sunday-morning,2025-10-22
store,"Spokane Valley, WA","2 arrested following theft, burglary incidents at Spokane Valley store","burglary, breaking and entering",,https://www.khq.com/news/2-arrested-following-theft-burglary-incidents-at-spokane-valley-store/article_db2da8cb-862d-486f-9883-b215204f9d6f.html,2026-04-01
store,"Albuquerque, NM",Man accused of multiple burglaries in Albuquerque will stay behind bars,breaking and entering,serial offender targeting multiple businesses,https://www.krqe.com/news/crime/man-accused-of-multiple-burglaries-in-albuquerque-will-stay-behind-bars,2026-08-26
equipment,"Kansas City, MO","Kansas City police arrest three suspects accused of copper theft, thousands in damage","burglary, theft of commercial equipment","fenced lot with security cameras, repeat target (hit nine times in 2025)",https://www.kmbc.com/article/kansas-city-copper-theft-trailer-damage-three-suspects/68124523,2025-09-29
warehouse,"Miami, FL","Miami-Dade man arrested in $1M burglary spree reaching New Jersey, authorities say","burglary,breaking and entering,grand larceny,vandalism",overnight hours,https://www.local10.com/news/local/2025/10/16/miami-dade-man-arrested-in-1m-burglary-spree-reaching-new-jersey-authorities-say/,2025-10-16
store,"Chicago, IL",At least 6 businesses burglarized in about 90 mins. across Chicago part of string of crimes: police,"burglary, breaking and entering, theft of commercial equipment","overnight hours, broken front glass doors",https://abc7chicago.com/post/chicago-burglaries-least-6-businesses-burglarized-90-minutes-old-irving-park-west-loop-lower-side-cpd-says/18181639/,2025-11-21
warehouse,"Jersey City, NJ",Jersey City man sentenced to 4 years in prison for multi-state warehouse burglary ring,"burglary, breaking and entering, grand larceny",systematically targeted trailers at logistics hubs,https://newjersey.news12.com/2026/06/03/jersey-city-man-sentenced-to-4-years-in-prison-for-multi-state-warehouse-burglary-ring/5BBrF9uKH5NNXOZaY0ro9f,2026-06-03
store,"Virginia Beach, VA",VBPD Takes Part in Multi-Jurisdictional Retail Theft Bust Totaling Over $1.6M,"breaking and entering, grand larceny",secured electronics cages bypassed,https://virginiabeach.gov/connect/news/vbpd-takes-part-in-multi-jurisdictional-retail-theft-bust-totaling-over-1-6m,2026-04-07
store,"Berkeley, CA","Burglars break into beloved Berkeley, Albany businesses","burglary, breaking and entering",overnight hours,https://www.berkeleyscanner.com/2025/09/03/crime/berkeley-albany-business-burglaries/,2025-09-03
equipment,"Tucson, AZ","N4T Investigators: Tucson non-profit faces $80,000 in damages after vandalism","vandalism,breaking and entering,theft of commercial equipment",padlocked gate cut open overnight; homeless camp found inside fenced area,https://www.kvoa.com/townnews/crime/n4t-investigators-tucson-non-profit-faces-80-000-in-damages-after-vandalism/article_4a8bc98c-1d3e-11ef-8c56-93fb4635ce89.html,
store,"Plano, TX",11 arrested in alleged organized theft ring targeting retail stores,theft of commercial equipment,,https://www.wfaa.com/article/news/local/11-arrested-alleged-organized-theft-ring-retail-stores-plano/287-2b094a37-fd37-4646-ad04-a3f5c30d0dbe,2023-03-24
store,"Sacramento, CA",At least 11 Sacramento businesses burglarized in same week,"burglary, breaking and entering, vandalism, theft of commercial equipment",overnight hours (break-ins around 4:30 a.m.),https://www.kcra.com/article/sacramento-store-burglaries-downtown-businesses-targeted/73611666,2026-09-03
store,"Orlando, FL",Man charged after downtown Orlando vandalism causes estimate $70K in damage,vandalism,surveillance cameras present,https://www.fox35orlando.com/news/man-charged-after-downtown-orlando-vandalism-causes-estimate-70k-damage,
vehicle,"Miami, FL",Massive Florida cargo theft ring involving $7.8M in stolen merch busted,"grand larceny, theft of commercial equipment",unattended commercial vehicles/semi-trailers,https://www.nbcmiami.com/news/local/massive-florida-cargo-theft-ring-involving-7-8m-in-stolen-merch-busted/3765129/,2026-02-12
store,"Pittsburgh, PA",Police Investigate Overnight Business Burglary in Brookline,"burglary, breaking and entering","overnight hours, vehicle rammed into front doors",https://www.pittsburghpa.gov/News-articles/Public-Safety-Blotter/2025/Police-Investigate-Overnight-Business-Burglary-in-Brookline,2025-07-08
store,"Bakersfield, CA",Bakersfield Police Department arrests suspects responsible for eight business burglaries,"burglary, breaking and entering, vandalism","overnight hours (1 a.m. to 3 a.m.), window smash",https://www.turnto23.com/news/local-news/bakersfield-police-arrests-suspects-responsible-for-eight-business-burglaries,
store,"Grand Rapids, MI",Ex-Grand Rapids police officer facing charges in $20K sports card theft,"breaking and entering, grand larceny",front door breached; caught on security footage,https://wwmt.com/news/local/grand-rapids-sports-card-theft-former-officer-charges-breaking-entering-johnny-ford-collectibles-memorabilia-crime-investigation-kent-county-west-michigan,2026-05-27
store,"Buffalo, NY",Old Pink arsonist admits to burning down landmark bar,arson,"rear of building, overnight hours",https://www.wivb.com/news/local-news/buffalo/old-pink-arsonist-admits-to-burning-down-landmark-bar/,2026-07-20
equipment,"New Haven, CT",Several businesses in New Haven 'ransacked' overnight,"burglary, breaking and entering, vandalism, theft of commercial equipment","overnight hours, repeat target",https://www.nbcconnecticut.com/news/local/new-haven-businesses-ransacked/3263271/,2024-04-11
store,"Colonie, NY",Colonie Police Arrest Four in Series of Capital Region Commercial Burglaries,"burglary, breaking and entering, grand larceny, vandalism, theft of commercial equipment",overnight hours,https://cbs6albany.com/news/local/colonie-police-arrest-four-in-series-of-capital-region-commercial-burglaries,2025-12-12
equipment,"San Francisco, CA",Thieves steal vintage cash register from San Francisco restaurant,"burglary, breaking and entering, theft of commercial equipment","window pried open, repeat target, Sunday early morning",https://sfstandard.com/2024/08/18/thieves-pilfer-vintage-cash-register-from-san-francisco-restaurant/,2024-08-18
store,"Toledo, OH",Police investigating south Toledo business burglary,"burglary, breaking and entering",,https://www.wtol.com/article/news/crime/airport-highway-save-a-lot-business-theft-burglary-breaking-and-entering-crime-local-news-toledo-ohio/512-20584bb0-b5f5-4e6e-a1ae-34c48a9c5abc,2023-11-24
store,"Cleveland, OH","Thieves steal nearly $2K in cash, merchandise from Cleveland business","burglary, breaking and entering, grand larceny, vandalism",overnight hours,https://www.cleveland19.com/2025/01/20/thieves-steal-nearly-2k-cash-merchandise-cleveland-business/,2025-01-20
equipment,"Houston, TX","Thieves take more than $100K worth of equipment at bizarre business break-in, HPD says","burglary, breaking and entering, theft of commercial equipment","overnight hours, fencing breached",https://abc13.com/post/thieves-take-more-100k-worth-equipment-bizarre-business-break-hpd-says/18830658/,2026-04-02
store,"Anaheim, CA","Thieves tunnel through wall, steal $180K in Pokémon cards from Anaheim shop","burglary, breaking and entering, grand larceny","wall tunneled through, overnight hours",https://ktla.com/news/orange-county/anaheim-pokemon-cards-theft-tunnel-burglary/,2026-02-20
store,"Nashville, TN","Man charged after violent robbery, arson at South Nashville store","arson, burglary, grand larceny, vandalism",,https://www.wkrn.com/news/local-news/nashville/man-charged-after-violent-robbery-arson-at-south-nashville-store/,2024-06-05
store,"Portland, ME","Broken glass, windows smashed as vandal targets downtown Portland businesses",vandalism,overnight hours,https://wgme.com/news/local/multiple-acts-of-vandalism-in-downtown-portland-causing-police-to-investigate,2021-10-18
store,"Los Angeles, CA",LAPD busts $4.5M theft ring fronted by hardware store,"grand larceny, burglary",,https://www.police1.com/lapd/lapd-busts-4-5m-theft-ring-fronted-by-hardware-store,2025-08-24
store,"Detroit, MI",Police investigate failed smash-and-grab at Detroit check cashing business,"burglary,vandalism","early morning hours, debris scattered",https://www.fox2detroit.com/news/police-investigate-failed-smash-and-grab-detroit-check-cashing-business,
store,"Detroit, MI",Burglary at clothing store on Detroit's west side caught on camera,"burglary, grand larceny",overnight hours,https://www.clickondetroit.com/news/local/2024/10/23/burglary-at-clothing-store-on-detroits-west-side-caught-on-camera/,2024-10-23
store,"Durham, NC",Have you seen this man? Police seek suspect in string of five business burglaries across Durham,"burglary, breaking and entering",,https://www.cbs17.com/news/local-news/durham-county-news/have-you-seen-this-man-police-seek-suspect-in-string-of-five-business-burglaries-across-durham/,2025-07-30
store,"New Haven, CT",Several businesses ransacked during break-ins in New Haven,burglary,overnight; broken windows,https://www.courant.com/2024/04/11/several-businesses-ransacked-during-break-ins-in-new-haven/,2024-04-11
store,"Memphis, TN",Smash-and-grab burglars hit brand-new liquor store,"burglary, breaking and entering, grand larceny, vandalism",overnight hours,https://wreg.com/news/local/smash-and-grab-thieves-burglarize-new-liquor-store-on-getwell/,
store,"Charlotte, NC","Charlotte brewery asks for help after break-in, merch theft caught on camera","burglary, breaking and entering, theft of commercial equipment","side door breached, overnight hours, surveillance cameras present",https://www.qcnews.com/business/charlotte-brewery-asks-for-help-after-break-in-merch-theft-caught-on-camera/,2026-06-25
store,"Boston, MA",Police investigating string of cash register robberies at 4 Boston stores,"burglary, grand larceny",,https://www.cbsnews.com/boston/news/boston-cash-register-robberies-hyde-park-roxbury-jamaica-plain/,
store,"Minneapolis, MN",Minneapolis police believe string of business burglaries across the metro are connected,"burglary, breaking and entering",early morning hours,https://www.cbsnews.com/minnesota/news/minneapolis-small-business-burglary-string/,
equipment,"Commerce, CA",Police find more than 100 stolen forklifts,"grand larceny, theft of commercial equipment",chop shop; ID numbers stripped and repainted,https://www.fox5ny.com/news/police-find-more-than100-stolen-forklifts,
store,"Pleasanton, CA",Jewelry store smash-and-grab robbery shocks shoppers at Pleasanton mall,"grand larceny, breaking and entering",,https://abc7news.com/post/zales-jewelers-robbed-hammers-pepper-spray-smash-grab-stoneridge-shopping-center-pleasanton/19041429/,2026-05-05
store,"Long Beach, CA",Smash-and-grab burglar steals thousands of dollars worth of items from Long Beach shop,"burglary, breaking and entering, grand larceny","overnight hours, repeat target",https://ktla.com/news/local-news/burglar-steals-thousands-worth-of-items-long-beach/,2024-10-19
store,"Nashville, TN",'It's not the first time.' Two Nashville businesses hit by thieves in early morning burglaries,"burglary, breaking and entering","repeat target, early morning hours, vehicles backed into storefronts",https://www.wsmv.com/2026/01/07/its-not-first-time-two-nashville-businesses-hit-by-thieves-early-morning-burglaries/,2026-01-07
store,"Chicago, IL",Burglars steal cash register from discount store in Chicago's Logan Square community,"burglary, breaking and entering","overnight hours, front glass window broken",https://www.cbsnews.com/chicago/news/burglars-steal-cash-register-discount-store-chicago-logan-square/,
store,"Boston, MA","Men posing as police steal $240,000 in cash from man outside his East Boston business",grand larceny,broad daylight,https://www.nbcBoston.com/news/local/police-investigating-robbery-in-east-boston/3392892/,2024-06-07
store,"New Orleans, LA",NOPD Seeking Help in Identifying Business Burglar,"burglary, breaking and entering",early morning hours,https://nopdnews.com/post/february-2025/nopd-seeking-help-in-identifying-business-burglar/,2025-02-17
vehicle,,"Tools stolen out of vehicle at Dauphin County auto repair shop, PSP investigating",theft of commercial equipment,daytime at auto repair shop,https://www.abc27.com/news/tools-stolen-out-of-vehicle-at-dauphin-county-auto-repair-shop-psp-investigating/,2025-07-16
store,"Philadelphia, PA",Caught on Cam: Burglar Tries to Steal Cash Register From Old City Restaurant,burglary,"overnight hours, entry with key",https://www.nbcphiladelphia.com/news/local/caught-on-cam-mrs-k-burglary-cash-register-old-city-philadelphia/1994165/,2015-06-15
store,"Wichita, KS","Cops make arrest in office building, business burglary spree plaguing city for weeks",burglary,,https://www.kansas.com/news/local/crime/article249897653.html,2021-03-12
store,"Tucson, AZ","Armed robbers steal $40,000 in tactical gear and firearms from Riton optics store","burglary, grand larceny","surveillance cameras shot out, front door breached, repeat target",https://www.kgun9.com/news/community-inspired-journalism/eastside-news/armed-robbers-steal-40-000-in-tactical-gear-and-firearms-from-riton-optics-store,2025-06-21
store,"Jacksonville, FL",It's a headache every time there's a break-in: Jacksonville smoke shop broken into 3 times in less than 2 years,burglary,"overnight hours, repeat target, security cameras present",https://www.news4jax.com/news/local/2024/09/18/its-a-headache-every-time-theres-a-break-in-jacksonville-smoke-shop-broken-into-3-times-in-less-than-2-years/,2024-09-18
store,"Fresno, CA",Detectives on the hunt for Fresno Lululemon burglary suspect: Cash reward for clues,"burglary, grand larceny","vehicle crashed through front entrance, smash-and-grab, overnight hours",https://bakersfieldnow.com/news/local/detectives-on-the-hunt-for-fresno-lululemon-smash-and-grab-commercial-burglary-suspect-cash-reward-for-clues-fig-garden-village-northwest-investigations-unit-detective-fleischmann-crime-stoppers-pickup,2024-04-08
store,"Richmond, VA",Richmond shop seeks help identifying burglary suspects,"burglary, breaking and entering, grand larceny","early morning hours, front door damaged",https://www.wtvr.com/news/local-news/richmond/a-win-nguyen-robbery-june-24-2026,2026-06-24
store,"Irving, TX",Thief caught on camera targeting 2 Irving shops minutes apart,"burglary, breaking and entering","overnight hours, just after midnight, minutes apart",https://www.fox4news.com/news/thief-caught-camera-targeting-2-irving-shops-minutes-apart,
store,"Lake Charles, LA",LCPD searching for burglar caught on camera at small business,burglary,surveillance cameras present,https://www.kplctv.com/2026/07/29/lcpd-searching-burglar-caught-camera-small-business/,2026-07-29
vehicle,"Louisville, KY","Dixie Highway car dealership calls for help amid surge in thefts, vandalism","vandalism, breaking and entering","fencing breached, security cameras absent",https://www.wlky.com/article/dixie-highway-car-dealership-vandalism-crime-louisville/65481440,2025-07-22
store,"Skokie, IL","Thieves break into liquor store in Skokie, crash into police squad car: VIDEO",burglary,"repeat target, overnight hours",https://abc7chicago.com/post/skokie-news-video-shows-thieves-break-liquor-store-dempster-street-crash-police-squad-car-officials-say/19060889/,2026-05-08
store,"Redondo Beach, CA","Redondo Beach hardware store hit by back-to-back break-ins, owner says","burglary, breaking and entering","overnight hours, repeat target, glass front door breached",https://ktla.com/news/local-news/redondo-beach-hardware-store-hit-by-back-to-back-break-ins-owner-says/,2026-06-13
store,"Baltimore, MD","'Laws have to change': Police arrest 3 teens, release 2 in connection with commercial burglaries","burglary, breaking and entering, vandalism","repeat target, front door breached",https://www.wbaltv.com/article/police-arrest-3-teens-release-2-commercial-burglaries/68470665,2025-10-02
equipment,"Memphis, TN",Thieves strip $50k in copper from old CA building: MPD,"burglary, grand larceny, vandalism",vacant building,https://wreg.com/news/thieves-strip-50k-in-copper-from-old-ca-building-mpd/,2025-11-20
store,"Glendale, CA",7 arrested in burglary at family-owned Glendale jewelry store,"burglary, grand larceny",entry through roof; blowtorches used; alarm did not go off,https://www.nbclosangeles.com/news/local/glendale-jewelry-store-burglary-arrests/3736112/,2025-07-01
store,"Sarasota, FL",Vandal causes damage to two businesses on St. Armands Circle,"vandalism, breaking and entering",overnight hours,https://www.snntv.com/news/vandal-causes-damage-to-two-businesses-on-st-armands-circle/,2026-06-05
