scenario,family,factor,status,residual,residual_vs_equal,dollars_fortification,dollars_surveillance,dollars_alarm,dollars_authorization
base,all,1.0,Optimal,9207526.162730344,8147.14588400349,5000000.0,3500000.0,1500000.0,0.0
fortification_x0.75,fortification,0.75,Optimal,9211692.82939701,6063.812550671399,5000000.0,3500000.0,1500000.0,0.0
fortification_x1.25,fortification,1.25,Optimal,9203359.496063676,10230.479217339307,5000000.0,3500000.0,1500000.0,0.0
surveillance_x0.75,surveillance,0.75,Optimal,9207667.412949746,8125.0,5000000.0,2500000.0,2500000.0,0.0
surveillance_x1.25,surveillance,1.25,Optimal,9207359.416660786,8194.787618163973,5000000.0,3500000.0,1500000.0,0.0
alarm_x0.75,alarm,0.75,Optimal,9207589.32062508,8189.251147162169,5000000.0,3500000.0,1500000.0,0.0
alarm_x1.25,alarm,1.25,Optimal,9207443.045456454,8125.0,5000000.0,2500000.0,2500000.0,0.0
authorization_x0.75,authorization,0.75,Optimal,9207526.162730344,8199.229217337444,5000000.0,3500000.0,1500000.0,0.0
authorization_x1.25,authorization,1.25,Optimal,9207526.162730344,8095.062550671399,5000000.0,3500000.0,1500000.0,0.0
