geoid,GEO_ID,place,place_raw,NAME,state_abbr,year,table8_city,table8_population,acs_population,is_cdp,burglary,larceny_theft,motor_vehicle_theft,arson,table8_property_crime,property_crime_count,property_crime_rate,poverty_rate,blau_heterogeneity,pct_moved_year,renter_share,unemployment_rate,median_hh_income,foreign_born_share,land_area_sqmi,density,lat,lon,cde_gap_flag,city,r_hat,tier
4943660,1600000US4943660,Layton city,Layton city,"Layton city, Utah",UT,2022,Layton,84636.0,81726.0,False,152.0,1155.0,103.0,12.0,1410.0,1410.0,1725.2771455840248,7.5,0.3683126666488355,12.6,28.5,2.3,93453.0,6.175513300540832,22.532,3627.108112906089,41.077423,-111.960727,0,Layton,1746.3318144780142,low
4943660,1600000US4943660,Layton city,Layton city,"Layton city, Utah",UT,2023,Layton,82887.0,82512.0,False,102.0,1082.0,62.0,9.0,1246.0,1246.0,1510.0833818111305,7.0,0.3802492820078206,12.5,28.4,2.3,99188.0,6.399069226294357,22.56,3657.446808510639,41.077423,-111.960727,0,Layton,1725.768765234424,low
4943660,1600000US4943660,Layton city,Layton city,"Layton city, Utah",UT,2024,Layton,84017.0,83286.0,False,103.0,970.0,58.0,4.0,1131.0,1131.0,1357.9713277141416,8.1,0.3891061093092058,11.6,27.5,2.8,102480.0,6.864298921787575,22.562,3691.428064887864,41.077423,-111.960727,0,Layton,1794.0719011234887,low
4945860,1600000US4945860,Logan city,Logan city,"Logan city, Utah",UT,2022,Logan,56267.0,53246.0,False,82.0,588.0,46.0,1.0,716.0,716.0,1344.7019494422116,24.1,0.4039942547867068,29.9,59.7,2.5,52473.0,8.58656049280697,17.996,2958.768615247833,41.740256,-111.841764,0,Logan,3289.682902795049,high
4945860,1600000US4945860,Logan city,Logan city,"Logan city, Utah",UT,2023,Logan,55645.0,53923.0,False,71.0,659.0,56.0,0.0,786.0,786.0,1457.6340337147417,23.0,0.4099892234417129,30.2,61.5,2.3,56764.0,9.411568347458411,18.052,2987.092842898294,41.740256,-111.841764,0,Logan,3228.508293704152,high
4945860,1600000US4945860,Logan city,Logan city,"Logan city, Utah",UT,2024,Logan,56083.0,54907.0,False,79.0,511.0,44.0,2.0,634.0,634.0,1154.6797311818166,22.3,0.4216029659164538,31.2,62.8,2.6,60687.0,9.266578031944924,18.083,3036.387767516452,41.740256,-111.841764,0,Logan,3216.688293490856,high
4955980,1600000US4955980,Ogden city,Ogden city,"Ogden city, Utah",UT,2022,Ogden,86870.0,86754.0,False,272.0,1661.0,271.0,9.0,2204.0,2204.0,2540.5168637757333,12.1,0.5178248896665695,15.6,39.8,4.3,66226.0,10.64273693432003,27.549,3149.079821409125,41.228391,-111.968147,0,Ogden,2320.9802775569697,low
4955980,1600000US4955980,Ogden city,Ogden city,"Ogden city, Utah",UT,2023,Ogden,86593.0,86973.0,False,213.0,1446.0,158.0,6.0,1817.0,1817.0,2089.154105297046,12.7,0.5260083815453018,14.5,39.1,4.0,70053.0,10.481413772090187,27.549,3157.029293259284,41.228391,-111.968147,0,Ogden,2350.000560458861,low
4955980,1600000US4955980,Ogden city,Ogden city,"Ogden city, Utah",UT,2024,Ogden,87258.0,87413.0,False,202.0,1301.0,177.0,10.0,1680.0,1680.0,1921.910928580417,13.7,0.5273649527877049,13.0,38.7,4.1,72575.0,11.37016233283379,27.531,3175.0753695833787,41.228391,-111.968147,0,Ogden,2389.086954585728,low
